"tt11778080";"Corporate Responsibility";"Documentary";"63";"2020"
"tt4720284";"Love in the Sixth";"Comedy,Drama,Musical";"77";"2015"
"tt15433482";"Sweet Black Film";"Documentary";"70";"2021"
"tt10288952";"The 13th Man";"Documentary";"66";"2019"
"tt0369270";"Bettada Huli";"Musical";"84";"1965"
"tt0369272";"Bewafa";"Drama,Romance";"76";"1952"
"tt0369273";"Beyond the Himalayas";"Documentary";"90";"1996"
"tt4010036";"Weapon";"Drama,Thriller";"75";"2020"
"tt2335554";"Sins of the Dragon";"Action,Fantasy";"72";"2012"
"tt6964844";"Hospitality";"Crime,Drama,Thriller";"49";"2018"
"tt10984580";"Utama";"Drama";"75";"2022"
"tt10984586";"Shapludu (Bengali)";"Crime,Thriller";"77";"2019"
"tt10984588";"The Torch";"Documentary,Music";"68";"2019"
"tt0369259";"Balaa";"Horror";"48";"1992"
"tt2599226";"An Easter Bunny Puppy";"Family";"22";"2013"
"tt2913916";"Chaplin of the Mountains";"Drama";"74";"2013"
"tt7758352";"51%";"Documentary";"56";"2017"
"tt11107978";"Brightheart: Let Your Light Shine";"Animation,Family,Fantasy";"50";"2020"
"tt3719414";"Smertelno zhivoy";"Crime,Drama,Thriller";"66";"2015"
"tt0369255";"Azira: Blood from the Sand";"Horror,Thriller";"61";"2006"